{"cameraMode":{"drawMode":0,"name":"Shaded","section":"Shading Mode"},"sceneLighting":false,"audioPlay":false,"sceneViewState":{"m_AlwaysRefresh":false,"showFog":true,"showSkybox":false,"showFlares":true,"showImageEffects":true,"showParticleSystems":true,"showVisualEffectGraphs":true,"m_FxEnabled":true},"in2DMode":false,"pivot":{"x":1.2810001373291016,"y":0.47326862812042239,"z":18.167999267578126},"rotation":{"x":-0.10016721487045288,"y":0.847622275352478,"z":-0.17270690202713014,"w":-0.49164316058158877},"size":6.8427042961120609,"orthographic":true}